企業名,url
サイバーエージェント,https://developers.cyberagent.co.jp/blog/archives/41932/
サイバーエージェント,https://developers.cyberagent.co.jp/blog/archives/41953/
サイバーエージェント,https://developers.cyberagent.co.jp/blog/archives/42426/
サイバーエージェント,https://www.cyberagent.co.jp/way/list/detail/id=29348
DeNA,https://fullswing.dena.com/archives/9254/
DeNA,https://fullswing.dena.com/archives/8739/
DeNA,https://fullswing.dena.com/archives/7708/
DeNA,https://note.supporterz.jp/n/nf7bc51a7f3cc
DeNA,https://engineering.dena.com/blog/2021/07/21-new-graduates-training-metaskill/
Gree,https://corp.gree.net/jp/ja/6degrees/2021/06/02.html
Gree,https://corp.gree.net/jp/ja/6degrees/2022/08/02.html
Gree,https://logmi.jp/tech/articles/327693
Gree,https://corp.gree.net/jp/ja/6degrees/2021/08/01.html
メルカリ,https://engineering.mercari.com/blog/entry/20230512-127cd1f253/
メルカリ,https://note.com/mercari_data/n/n40be434e50e0
メルカリ,https://engineering.mercari.com/blog/entry/20220518-ec01a32c9f/
メルカリ,https://speakerdeck.com/rossy0213/xin-zu-enziniaga1nian-jian-dede-tabesutopurakuteisu
エムスリー,https://note.com/m3dag/n/n604036f490de
エムスリー,https://www.wantedly.com/companies/m3_inc/post_articles/156660
エムスリー,https://www.wantedly.com/companies/m3_inc/post_articles/450806
エムスリー,https://www.m3tech.blog/entry/2018/08/13/090000
カカクコム,https://note.com/tabelog_frontend/n/n7499d31eee37
カカクコム,https://kakaku-techblog.com/entry/new-graduate-onboarding-kinarino
カカクコム,https://kakaku.com/info/recruit/senior/interview-ms.html
カカクコム,https://kakaku.com/info/recruit/senior/interview-ny2.html
ビジョナル,https://engineering.visional.inc/blog/540/fy22-newgrads-first-year/
ビジョナル,https://blog.visional.inc/n/n063c0ed2a48f?magazine_key=mf11da01a8c8d
ビジョナル,https://blog.visional.inc/n/n576d6c1d43f9?magazine_key=mf11da01a8c8d
ミクシィ,https://www.itmedia.co.jp/news/articles/2207/05/news201.html
ミクシィ,https://mixil.mixi.co.jp/people/15772
ミクシィ,https://mixil.mixi.co.jp/people/15448
ミクシィ,https://mixil.mixi.co.jp/people/15185
マネーフォワード,https://recruit.moneyforward.com/times_mf/article/interview0009
マネーフォワード,https://recruit.moneyforward.com/times_mf/article/pvt_interview0002
マネーフォワード,https://moneyforward-dev.jp/entry/2019/06/27/induction-training-2019/
マネーフォワード,https://recruit.moneyforward.com/times_mf/article/interview0014
マネーフォワード,https://moneyforward-dev.jp/entry/2022/12/22/retrospective-tech-debt-2022/
マネーフォワード,https://recruit.moneyforward.com/times_mf/article/interview0011
freee,https://jobs.freee.co.jp/recruitblog/newgrads/freee_eng_matsuzawa/
freee,https://www.wantedly.com/companies/freee/post_articles/338683
freee,https://jobs.freee.co.jp/recruitblog/newgrads/freee_katahira/
freee,https://jobs.freee.co.jp/recruitblog/aboutus/takano/
サイボウズ,https://blog.cybozu.io/entry/2023/09/15/080000
サイボウズ,https://cybozu.co.jp/recruit/entry/newgrad/voice-engineer.html
ZOZO,https://www.wantedly.com/companies/zozo-tech/post_articles/456791
ZOZO,https://www.wantedly.com/companies/zozo-tech/post_articles/884034
ZOZO,https://technote.zozo.com/n/nca1f340aeb41
ZOZO,https://technote.zozo.com/n/n24ddd2b14efe
CARTA HOLDINGS,https://techblog.cartaholdings.co.jp/entry/Interview-with-engineers-new-grad-2022
CARTA HOLDINGS,https://techblog.cartaholdings.co.jp/entry/2023/12/25/165254
CARTA HOLDINGS,https://techblog.cartaholdings.co.jp/entry/discussed-my-failures-carta-culture-to-student
sansan,https://buildersbox.corp-sansan.com/entry/2023/03/15/110000
sansan,https://buildersbox.corp-sansan.com/entry/2023/03/28/110000
sansan,https://buildersbox.corp-sansan.com/entry/2022/05/18/110000
sansan,https://buildersbox.corp-sansan.com/entry/2021/04/08/110000
リクルート,https://www.recruit.co.jp/employment/students/people/interview/shizukuishi/
リクルート,https://www.recruit.co.jp/employment/students/people/interview/koyano/
リクルート,https://www.recruit.co.jp/employment/students/people/interview/matsumoto/
リクルート,https://www.recruit.co.jp/employment/students/searchright/tagawa_ogawa01-2/
リクルート,https://www.recruit.co.jp/employment/students/searchright/tagawa_ogawa02/