企業名,title,cocntent
サイバーエージェント,女性活躍促進制度 macalonパッケージ,社員が長く継続して働くことができる職場環境の向上を目指して9つの制度をパッケージ化した独自制度。「ママ（mama）がサイバーエージェント（CA）で長く（long）働く」という意味がある。
サイバーエージェント,家賃補助制度 2駅ルール・どこでもルール,"勤務しているオフィスの最寄駅から各線2駅圏内に住んでいる正社員に対し月3万円、勤続年数が丸５年を経過した正社員に対してはどこに住んでいても月5万円の家賃補助を支給。
"
サイバーエージェント,リフレッシュ休暇 休んでファイブ,心身のリフレッシュ、そしてさらなるチャレンジを目的に、入社3年目以上の社員が毎年5日間の年次有給休暇を取得できる。
サイバーエージェント,退職金制度（勤続インセンティブ）,一定条件での退職時に支給される勤続インセンティブ制度。30歳から積立を開始し、勤続10年以上、40歳から受け取ることが可能です。 当社業績と連動し営業利益の一定率を配分する。
サイバーエージェント,CArcle（部活動）,会社の承認を受けた部活動のこと。会社規模が大きくなり、事業部を越えたナナメの関係を作る機会が減っている今だからこそ、CArcleを通じて仕事以外の関係を作り、ライトな横軸での社員同士の関わりをCArcleがサポート。
サイバーエージェント,メンタルヘルス,"＜産業医面談＞
社員が健康で快適な環境のもと、能力を十分に発揮して仕事に取り組めるよう、随時専属産業医との面談を実施。
＜カウンセリング＞
月に一度、希望者を対象に臨床心理士資格を持ったカウンセラーとの面談機会を設けています。公私を問わず、多様なコミュニケーションの課題に対しカウンセリングを通して解決への糸口を見つけていきます。プライバシーの保護のため、相談内容について会社側は一切フィードバックを受けない
また新入社員全員を対象として、入社初年度に年二回、カウンセラーとの面談を実施しています。仕事の状況や心身のコンディションについて専門家によるヒアリングを行い、適材適所やさらなるチャレンジにつながる環境づくりのきっかけとしている"
サイバーエージェント,健康診断,病気の早期発見、健康状態の把握のため、グループ全社員が年1回の健康診断を受診する。健診結果に応じて産業医と連携してフォローアップを行い、社員の健康ケアを行っている。
サイバーエージェント,テレワーク環境の整備,IDによるセキュリティ管理、セキュリティ管理を行っている安全な経路を使ったVPN回線の提供、多人数の同時接続によるVPN回線の遅延回避対策、ビデオ会議システムの導入、業務用フォルダのクラウド化など、社員がどこにいてもストレスなく業務を継続でき、パフォーマンスを維持できる環境を整えている。
サイバーエージェント,マッサージルーム,無料で月4回（週1回×4）まで専属のマッサージ師による施術が受けられるマッサージルームを、すべてのオフィスに完備している。
DeNA,CHO（Chief Health Officer）室,社員のパフォーマンスを健康面からサポートする専門部署。運動・食事・睡眠・メンタルの４分野においてアンケートから見える課題を中心に取り組んでいます。
DeNA,健康管理室,健康相談や体調不良の相談ができる産業医及び保健師が常駐しています。毎週出勤するカウンセラーにキャリアや心身の全般について相談することもできます。
DeNA,子育て・家族支援,基本的な保険制度に加え、保養施設やスポーツ施設の利用など、保険組合独自の福利厚生プランの活用が可能です。
DeNA,年次有給休暇,入社日に最大12日付与されます（※入社初年度は入社時期により付与される有給休暇日数は変動します）。以後、毎年4月1日に在籍期間に応じて最大20日付与されます。
DeNA,積立休暇制度,育児・学校行事・介護・私傷病・不妊治療・妊娠等のライフイベントに安心して臨める仕組みとして、未消化の有給休暇のうち、失効する分を1日単位で毎年10日を上限に（最大 60日）積立て、用途を限り利用することができます。
DeNA,休暇・休職制度,生理休暇、母性管理休暇、通院休暇、休職制度をご用意しています。（期間条件が異なります）。
DeNA,結婚祝い金,"社員が結婚した際にお祝い金10,000円が支給されます。"
DeNA,産前・産後休暇,産前は6週間（多胎の場合14週間）、産後は8週間、休暇を取ることができます。
DeNA,ベビーケア休暇,配偶者が出産した際、年次有給休暇とは別に、出産予定日または出産日前後に5日間の有給休暇を取得することができます。
DeNA,出産祝い金,"社員に子どもが生まれた際にお祝い金1人につき10,000円が支給されます。"
DeNA,育児休業,子どもが1歳になるまで、育児のために休業することができます。
DeNA,育休復職サポート手当,"産前・産後休暇を取得した女性社員、または連続して2ヶ月以上の育児休業を取得した男性社員の復職に際し、子どもが満1歳6ヶ月になるまでの間、保育料補助として毎月20,000円が支給されます。"
DeNA,児童手当,"本人または配偶者の子どもが18歳に達する日以後の最初の3月31日になるまで、1人につき5,000円/月、第3子以降1人につき10,000/月が支給されます。"
DeNA,子の看護休暇,子ども（小学校3年生まで）の怪我・病気の看護や予防接種・健康診断の付き添い等の際に、年次有給休暇とは別に、1年間につき子1人の場合は5日間、2人以上の場合は10日間を限度として有給休暇を取得することができます。
DeNA,ベビーシッター補助,入会金・年会費・利用料の一部を会社が負担する形で、ベビーシッターサービスを安価に利用することができます。
DeNA,出張シッター手当,育児中でも安心して出張に行けるよう、出張に伴い子どもを預ける必要がある場合に追加で発生するベビーシッター等の費用の補助を受けることができます。
DeNA,ベビーシッター割引券,"公益社団法人全国保育サービス協会が発行するベビーシッター割引券を利用することにより、1回2,200円の割引を受けることができます。"
DeNA,介護休暇,要介護状態にある家族の介護をするため、年次有給休暇とは別に、1年間につき対象家族が1人の場合は5日間、2人以上の場合は10日間を限度として有給休暇を取得することができます。
DeNA,慶弔休暇,規定に沿って付与されます。
DeNA,確定拠出年金/確定給付年金,2つの企業年金があり、希望者は自身のライフプランに合わせて、選んだり組み合わせることができます。
DeNA,持株会,希望者に対して自社株取得を容易にし、財産形成を助成する制度で、拠出金に応じた奨励金も付与しています。
DeNA,各種従業員割引制度,"住宅仲介手数料、金融機関金利引き下げなど、各種割引があります。
※割引内容によって適用対象が異なります。"
DeNA,災害見舞金,社員の住居が被災した場合、見舞金が支給されます。
DeNA,リモートワーク手当,１勤務日につき450円が支給されます。（1ヶ月あたり7500円を上限とする）
DeNA,勤続表彰制度,勤続満３年/５年/７年/14年/20年に達した年度に表彰する制度です。各年度毎に賞品と特別休暇を付与しています。
DeNA,部活動支援制度,社内コミュニケーション促進施策として、部活動における費用支援等を受ける事ができます。自ら部を起こす、既存の部に入るなど、雇用ステータスを問わず参加する事ができます。
Gree,ファミリー在宅,子どもの登園禁止や妊娠中の体調不良等で出社できない場合月2回まで在宅勤務が可能です。
Gree,ファミリー休暇,年次有給休暇とは別に、家族の病院付き添いや妊娠中の健康診査で使用できる年5日の特別休暇を付与します。
Gree,時短／時差出勤,子どもが小学校を卒業するまで、時短勤務や時差出勤を利用することが可能です。
Gree,ドリンク補助,"ドリンクを低価格で購入できる自動販売機を設置しています。
また、ウォーターサーバーは無料でご利用いただけます。"
Gree,社内マッサージ,社員の健康維持、業務効率化を目的として、プロのマッサージ師による40分の指圧マッサージを1回500円で受けることができます。
Gree,スタッフ交流イベント,全スタッフが交流できるイベントを定期的に開催しています。MVP表彰式、役員との交流を促す企画がある他、職種別に社内活性化／交流／育成を兼ねたイベントを随時開催しています。
Gree,企業型確定拠出年金,"税制優遇を受けながら自身で資産形成を行える企業年金を用意しています。
加入/非加入や拠出額は自分で選べるので、ご自身のライフプランにあわせて利用することができます。"
Gree,チームビルディング,チーム内のコミュニケーションを活性化させて業務の円滑化を図ることを目的に、チーム会食（各種打ち上げ、新入スタッフ歓迎会など）の費用を一部補助します。
Gree,リフレッシュ休暇,グリーグループ勤続10年目を迎える社員に対して会社からの感謝を示し、対象者にはリフレッシュ休暇（10日間）と旅行券が贈呈されます。
メルカリ,フレックスタイム制,"メルカリではフレックスタイム制（コアタイムなし）を導入しています。
※一部職種を除くため、ご応募の際にお問合せください。
※メルカリには「YOUR CHOICE」というワークスタイルに関する制度があります。オフィス出社をすることも、フルリモートワークを選択することも自由に選択することができま"
メルカリ,Sick Leave（シックリーブ）,病気・ケガを事由とした休暇を年10日間、有給休暇とは別に付与します。メンバー本人だけでなく、日頃からメンバーを支えている大切な家族（配偶者やパートナー、子供、両親、祖父母、兄弟姉妹、ペット）が病気や怪我になった場合でも適応できます。
メルカリ,リラックス休暇,夏季や冬季など、時期を制限することなく、自由なタイミングで年3日間の休暇を取得できます。
メルカリ,ドリンク無料,社内に設置された自動販売機は、全て無料で利用できます。
メルカリ,インセンティブ制度,ストック・オプションおよびキャッシュ賞与を支給しています。メンバー全員が事業の成長や企業価値の向上のために取り組んでいるからこそ、得られた成果や果実を全員で分かち合いたいという考えのもと導入しています。
メルカリ,持株会制度および奨励金,メンバー全員が事業の成長や企業価値の向上のために取り組み、得られた成果や果実を分かち合いたいという考えのもと、持株会制度および奨励金を設けています。会社からの受け取れる奨励金（補助金）は25％です。そのため奨励金分を加えた額の株を購入できます。（賞与拠出にも奨励金25%がつきます） ※2021年8月時点
メルカリ,産休・育休・介護休業の支援,産休・育休・介護休業から復職する場合は、復職一時金を支給します。安心して出産や育児に専念できる環境を整えています。
メルカリ,育児・介護休暇の取得,子どもの看護および家族の介護で休暇を取得する場合は、5日間を特別有給休暇とし最大で10日間（1年あたり）まで休暇取得が可能です。
メルカリ,妊活のサポート,高額な費用が発生する不妊治療を行う場合は、所得や年齢の制限なく、その費用を会社が一部負担します。（上限金額あり）
メルカリ,卵子凍結費用の補助,卵巣刺激、採卵、麻酔、凍結保存、凍結卵子融解、凍結保存延長、延長含む保管費用など、卵子凍結に関する費用を補助します。キャリアを優先することにより妊娠や出産を諦めるという状況に対し、ライフプランの選択肢のひとつとして補助を用意することで、将来の不安を軽減するためのサポートです。なお社員の配偶者・パートナーを含む全社員が対象となり、妊活サポートの一環として200万円/子を上限として利用できます。
メルカリ,病児保育費の支援,子どもが病気にかかり、臨時で保育施設やベビーシッターを利用した場合は、利用時間の制限なく費用を支給します。
メルカリ,0歳児保育費用の補助,復職から子が1歳になるまでの期間、認可・認可外保育園およびベビーシッター利用に関する費用を補助します。育児休職から早期復職を望む場合、保育費用をサポートすることで、復帰時期の選択肢を増やし、キャリア形成やライフプランの柔軟性を高めるためのサポートです。なお、社員の配偶者・パートナーを含む全社員が対象となり、10万円/月を上限に利用できます。
メルカリ,認可外保育園の補助,認可保育園に入園できず、認可外保育園に入園する場合は、差額の保育料を会社が補助します。
メルカリ,結婚休暇&お祝い金,"結婚にあわせて、特別有給休暇とお祝い金を支給します。
※結婚の定義は、入籍・事実婚・同性パートナーとの婚姻。配偶者の定義は、その相手方とします。"
メルカリ,出産休暇&お祝い金,出産にあわせて、特別有給休暇とお祝い金を支給します。
メルカリ,忌引き休暇＆弔慰金,ご家族に万が一の不幸があった場合は、特別有給休暇や弔慰金を支給します。
楽天,フレックスタイム制度（R-Flex）,"月の所定労働時間の範囲内で、従業員が日々の始業・終業時刻、労働時間を自ら決めることができます。
業務の繁閑に合わせて労働時間を効率的に配分することで、業務生産性の向上を目指します。"
楽天,時差勤務制度（R-Timeshift）,定時前後2時間の時差勤務が可能です。
楽天,在宅勤務（R-Satellite）,妊娠・育児・介護・怪我病気を理由とした在宅勤務が可能です。
楽天,仕事と育児・介護の両立支援,"楽天における産休・育休後の復職率は、97％です（2022年実績）。仕事と育児の両立支援としては、社内託児所やマザーズルーム（搾乳室）の設置、内閣府ベビーシッター割引券の導入、オープンファミリーデーの実施等の施策を行っています。

また、女性の活躍支援としては、ワーキングペアレンツネットワーク構築、各種セミナー（休職前セミナー、復職前セミナー）の実施、育児休業中の従業員向けニュースレター配信などを実施しています。"
楽天,食事補助,"カフェテリアのあるオフィスでは、朝・昼・晩３食の食事を基本無料で提供しています。メインメニューはすべて日替わりで、その日の気分や好みに合わせて、選択することができます。しっかり食べたい人に向けたメニューから野菜中心メニュー、また、一部のカフェテリアではハラル、インドベジにも対応しています。様々なニーズに応えたバラエティ豊かなメニューが好評です。
※厨房の無い小規模オフィスでは、ケータリングによる食事提供やバウチャーによる昼食の食事補助などが受けられます。"
楽天,ストックオプション・従業員持ち株会,楽天には、株に関する制度として「ストックオプションプログラム」や「従業員持株会」があります。「ストックオプションプログラム」は報酬プログラムの一つとして、楽天の株式100株を1円で購入できる権利を付与する制度です。業績や評価に基づいて最大年に2回権利が付与されることがあります。「従業員持株会」は社員が自身で設定した金額を給与から天引きし、定期的に楽天の株式を購入していく制度です。中長期的な資産形成につながります。
楽天,クラブ活動（Rakuten Official Club）,楽天には約50のクラブがあり、役職や雇用形態に関係なく自由に加入・活動することができます。会社から活動費の一部補助も行っており、従業員間のコミュニケーションを促進しています。
楽天,楽天クリムゾンハウスサービス施設,楽天クリムゾンハウス内には充実した福利厚生施設が揃っています。託児所、カフェテリアのほか、ヘアサロン、ネイルサロン、フィットネスジム、鍼灸＆マッサージ、クリーニングなど、プロによるサービスを優待価格で受けることができます。
楽天,"社員寮（Residence, Mizonokuchi）","食事や団欒をゆっくりと楽しめるダイニングラウンジ、複数人が同時に利用できる広々としたキッチンやランドリー、プロジェクターやホワイトボードも用意されたコミュニケーションスペースなど、快適に過ごせるよう配慮された共有スペースが揃っています。
※新卒入社者対象。その他、入寮には一定の条件があります。"
エムスリー,休日休暇,完全週休2日、祝日、年末年始休暇、有給休暇、その他特別休暇制度
エムスリー,社会保険,各種社会保険（健康保険、厚生年金保険、雇用保険、労災保険）完備、確定拠出年金制度、借上社宅制度、持株会制度、健康保険組合等による各種サービスあり
カカクコム,結婚休暇、祝い金,"対象者：全社員
結婚した際に特別有給休暇とお祝い金を支給します。"
カカクコム,出産祝い金,"対象者：全社員
子供が生まれた際にお祝い金を支給します。"
カカクコム,配偶者の出産に伴う特別休暇,"対象者：男性社員
出産1ヶ月以内に1日取得することが可能です。"
カカクコム,育児休業,"対象者：全社員
最大で子供が3歳になる年の年度末まで取得可能です。"
カカクコム,育児短時間勤務,"対象者：全社員
最大12年間（子供が小学校を卒業するまで）取得可能です。コアレスフレックスタイム制も選択できます。"
カカクコム,ベビーシッター割引,"対象者：全社員
従業員が就業のためにベビーシッターを利用する際に、割引券を配布します（諸条件有）。"
カカクコム,子供の看護休暇,"対象者：全社員
年間10日を上限とし、内5日は有給にて休暇を取得できます。
子が複数いる場合は年間20日を上限とし、内10日は有給にて休暇を取得できます。"
カカクコム,家族手当,"対象者：全社員（等級など制限有）
扶養する18歳未満の子供１人目5,000円、2人目10,000円、3人目以降15,000円を支給します。
"
カカクコム,介護休業,"対象者：全社員
要介護状態にある家族の介護のために、一定期間取得可能です。"
カカクコム,介護休暇,"対象者：全社員
年間10日を上限とし、内5日は有給にて休暇を取得できます。"
カカクコム,介護短時間勤務,"対象者：全社員
勤務時間の短縮に加え、コアレスフレックスタイム制も選択できます。"
カカクコム,弔事見舞金,"対象者：全社員
親族が亡くなった場合、お見舞金を支給します（諸条件有）。"
カカクコム,フレックスタイム制,10時から15時をコアタイムとする、フレックスタイム制を導入しています（一部職種を除く）。
カカクコム,年次有給休暇,入社日より付与します。
カカクコム,研修・セミナー参加,有料研修・セミナーに参加する際に会社が費用面で支援を行います（諸条件有）。
カカクコム,資格取得支援,業務に関連のある資格の取得について会社が受験費用等の支援を行います（諸条件有）。
カカクコム,自己申告届,"年に1度、キャリアの希望を自己申告いただきます。
申告内容と組織の状況をふまえ、社内における役割変更や配置転換を検討します。"
カカクコム,ドリンク無料,社内に設置されたドリンクバー（お茶類、コーヒー）を、無料で利用できます。
カカクコム,婦人科検診,通常の健康診断のほか、年齢問わず婦人科検診の受診が可能です。会社が全額負担します。
カカクコム,ボランティア休暇,ボランティア活動に参加する際に取得できる休暇です。1年につき3日間の休暇を取得できます。
カカクコム,従業員持ち株会,カカクコム株式を定期的に取得し、中期的な資産形成を会社が支援する制度です。会社からの奨励金もあります。
カカクコム,確定拠出年金,老後資金の形成のため、確定拠出年金（日本型401K）を導入しています。会社が掛け金を拠出し、社員が自ら運用する制度です。
カカクコム,グループ会社保養施設,鎌倉の海を臨める場所にグループ会社の保養施設があり、社員、家族で利用することができます。
カカクコム,EAP,社員とその家族の方が公私にわたる悩みや心配事を専門のカウンセラーに相談できるプログラムです。会社に知られることなく相談ができます。
ビジョナル,設備・機器,生産性向上を目的に、社内カフェを設置しコーヒーなどの各種ドリンクの提供を行っています。また、エンジニアやデザイナー向けに、エルゴヒューマン（疲労を軽減するオフィスチェア）の貸与をしています。
ビジョナル,部活動支援,業務を越えた社内のつながりを作ることを目的に、公式認定された部活には部費が一部補助される制度です。
ビジョナル,コミュノミ,四半期に一度、各部門の親睦・慰労を兼ねた交流会の費用を補助する制度です。
ビジョナル,コミュラン,業務を越えた社内のつながりを作ることを目的に、月に一度、ランダムに選定された4〜5人でランチを開催できる仕組みです。
ビジョナル,フレックス制度,柔軟な働き方を実現するため、1か月のフレックス基準時間の中で、日々の勤務時間を調整できる制度です。勤務時間はフレキシブルタイム（5:00～22:00）内で、始業時間帯／終業時間帯を守って調整いただけます。
ビジョナル,マイチョイス（勤務形態選択制度）,ライフステージに合わせて働き方を選べる制度です。勤務日数と勤務時間などの組み合わせから、それぞれにあった働き方を一時的に選択することが可能です。自身の体調不良や、予期せぬ親の介護などが発生した際に、安心して働き続けてほしいという想いから形になりました。
ビジョナル,ランウェイ（出産復職支援制度）,出産からのフルタイム正社員復帰をサポートする制度です。早期復帰特別賞与、幼稚園・保育園費用補助、ベビーシッター費用補助を提供することで、社員のスムーズな仕事復帰を支援しています。社内の適用ルールに準じて、子どもが小学校に入学するまで支給されます。
ビジョナル,企業主導型保育施設,育休からの復職支援を目的として、企業主導型保育事業を展開しているパートナー企業と提携。子どもを、優先的に保育園に預けることが可能です。
ビジョナル,がん検診費用補助,子宮頸がん検診、乳腺超音波、乳腺マンモグラフィ、前立腺がん検査をはじめとする各検査を、会社負担にて受診できる制度です（諸条件有り）。
ビジョナル,インフルエンザ予防接種,全従業員（パート・アルバイト、派遣社員、業務委託も含む）、及び社員の扶養家族も対象に、全額会社負担で予防接種を受けられる制度です。
ビジョナル,アニバーサリー休暇,有給休暇や夏季休暇、年末年始休暇のほかに、年間で1日、「大切な誰かや自分」のために自由に休暇を取得できる制度です。「関わるすべての人が幸せになる事業づくり」を目指すVisionalだからこそ、大切な人と過ごす時間を増やしたいと考えています。
ビジョナル,持株会制度,社員の皆さんとともにVisionalの中長期かつ持続的な成長を目指すため、正社員・契約社員が、一定の条件のもとにビジョナル株式会社の株式を取得できる制度です。各社員の拠出金に対して奨励金も支給されます。
ミクシィ,住宅手当・住宅賃貸/分譲物件サポート,"渋谷駅から届出住所まで直線3km以内の方に月3万円を住宅手当として補助しています。
また、提携先の不動産仲介業者を利用いただくことで、物件購入・賃貸の契約成立時に社員優待を受けることができます。"
ミクシィ,転居費用/転居時交通費補助,株式会社MIXIの正社員として入社のため、遠方から引越しされた場合、その費用を会社で補助します。（条件/上限金額あり）
ミクシィ,社内カフェ(BYRON BAY COFFEE),BYRON BAY COFFEE(バイロンベイコーヒー)のドリンク・フードメニューを半額補助で提供しております。
ミクシィ,ドリンクバー,コーヒー、紅茶、スープなどを各種取り揃えたドリンクバーを設置しており、社員なら誰でも無料で利用できます。
ミクシィ,ランチ代サポート,社内食堂を利用の際に、半額補助しております。
ミクシィ,企業型確定拠出年金,一定の金額を毎月拠出して、加入者個人が金融商品（定期預金、投資信託等）で運用し、形成した資産を60歳到達後に年金または一時金として受け取る制度です。
ミクシィ,ミクブレ（リフレッシュ休暇）,"『ミクブレ』とはMIXI BREAK（ミクシィブレイク）の略称であり、勤続在籍期間5年ごとに、5日間のリフレッシュ休暇とインセンティブをセットで支給します。
※休職・産休期間はカウントに入りません。"
ミクシィ,Appleギフトカード/Google Playカード購入補助,有料アプリやアプリ課金の利用体験の促進を目的とした制度で、「Apple Gift Card」または「Google Play ギフトカード」の購入金額の50%を補助します。（上限あり）
ミクシィ,従業員持株会,社員の財産づくりをすすめる一策で、天引きにより一定金額を拠出し、株式会社MIXIの株式を購入する制度です。
ミクシィ,病児保育＆ベビーシッター補助制度,"お子様が病気の時にも働ける手段を提供することによって時間的制約の軽減をはかります。
病児保育やベビーシッター会社、ファミリーサポート等の保育サービスを利用した際の利用料の半額を補助します。（上限金額あり）"
ミクシィ,健康保険組合(ITS)によるベネフィット,当社加入の健保組合保険証の提示にて、提携機関 (保養施設、スポーツ施設、レストラン、会議室など) を利用できます。
ミクシィ,安全衛生・災害対策,感染症対策のため、各フロアに手指消毒ジェルや不織布マスクを配置しています。体調不良の場合には、専属の産業医・保健師への健康相談や、救護室の利用ができます。また、もしもの災害時の対策として、安否確認システムの導入や、防災グッズの設置なども進めております。
ミクシィ,オフィスグッズ,"社内のスペースにオフィスグッズを用意しています。
文房具,ティッシュ,ファイル,封筒,手提げ袋など、必要に応じて使っていただくことができます。"
ミクシィ,マッサージルーム,あん摩マッサージ指圧師の免許を有した施術師のマッサージを受けられます。（事前予約制、1回あたり最大30分まで）
マネーフォワード,従業員持株会,毎月の給与から一定の金額（拠出金）を控除し、マネーフォワードの株式を買付できる制度。拠出金に対して15％の奨励金も支給されます。
マネーフォワード,企業型確定拠出年金,毎月の給与から一定の金額（拠出金）を控除して積み立てし、従業員が資産運用する制度。拠出金分は非課税になるなど、節税メリットもあります。
マネーフォワード,"『マネーフォワード ME』
プレミアム無料クーポン",年に1度、『マネーフォワード ME』のプレミアム機能が無料で使えるクーポンを配布します。従業員とその家族が利用可能です。
マネーフォワード,健康診断,定期健康診断の他、婦人科検診も会社負担で受診できます。
マネーフォワード,予防接種,インフルエンザ予防接種を会社負担で接種できます。
マネーフォワード,医療サポート,病気やケガに関する悩みや、救急医療機関について24時間365日電話で相談することができる『メディカルアシスト』のほか、夜間や休日に往診やオンライン診療が受けられる『ファストドクター』を導入しています。
マネーフォワード,職種別グレードによる人事評価制度,職種別にグレードを設定し、自身のステージに求められる役割、目指すステージに何が足りないのかを明確にした上で年2回評価を行っています。
マネーフォワード,チャレンジシステム（異動公募制度）,年に2回、各部署が社内向けに公募を行い、異動希望部署に自ら応募ができる制度。柔軟な社内異動によりキャリア形成を支援することを目的としており、毎回複数名の異動実績があります。
マネーフォワード,書籍購入補助,業務上必要な書籍を経費で購入することができる制度。購入後は社内本棚に寄贈され、全社員に共有されます。
マネーフォワード,開発環境構築支援,エンジニアはVP of EngineeringまたはCTOによる決裁で、最新のPC・必要なスペックのPCが利用可能です。また、業務上必要な備品は、品目の制限なく、会社費用で購入可能です。
マネーフォワード,"テックカンファレンス
コミュニティへの参加支援",国内外のテックカンファレンス・コミュニティへのスポンサー、出展をしており、参加費用を会社が負担します。
マネーフォワード,Happy Hour（社内懇親会）,コミュニケーションの活性化を目的として、全従業員が無料で参加できる懇親会を、実施しています。
マネーフォワード,Family Day,従業員の家族を招待し、マネーフォワードの仕事や職場を知っていただくための、オフィスツアーや懇親会を開催しています。
マネーフォワード,リモートワーク環境,全メンバーがリモートワークで自宅勤務できる環境を整えています。一方で、適切なオフラインコミュニケーションも重要だと考えており、原則週2日（推奨は週3日）のオフィス出勤をしております。オフィス内はフリーアドレスで、メンバーはGoogleカレンダーなどでお互いの出社状況を共有し合いながら働いています。
マネーフォワード,近隣住宅手当・近隣引越祝金,所属オフィス近隣に居住する際、最大2万円の近隣住宅手当を支給します。また近隣住宅手当の範囲内に新たに転居した際、祝金10万円を支給します。
サイボウズ,働き方宣言,個人のライフスタイルにあわせて、勤務時間や場所を選べる制度です。所属するチームと相談の上、自分の希望する働き方を決められます。また、サイボウズではメンバー全員の働き方が全社に向けて公開されています。
サイボウズ,ウルトラワーク,働き方宣言で決めたものとは異なる働き方をする場合に利用できる制度です。一時的な働き方の変更に対応するために作られた制度なので、ウルトラワークの利用が続く場合は基本となる働き方宣言の内容を見直す必要があります。
サイボウズ,複業,"複業は、その他すべての私的活動と同様に、原則個人の自由です。
サイボウズでは、メンバー１人ひとりが複業におけるリスクや注意点を認識した上で、複業を実施することができます。"
サイボウズ,リモートワーク環境手当,"リモートワーク環境を整えることを目的に、勤務時間や勤務日数に関わらず1人につき月5,000円が支給されます。ただし、契約の所定労働時間が月80時間以下の場合は月2,500円です。"
サイボウズ,カフェ代,仕事場所を確保するためにカフェを利用した場合、カフェ代を経費として申請できます。往訪などの外出時にスキマ時間を有効活用して、業務効率を向上させることを目的にしています。
サイボウズ,プロアクティブ休暇,働き方と一緒に休暇の活用(休み方)も模索し、主体的に自分らしく、休暇を活用しながら働けるようにと、年に５日、取得要件を限定しない休暇を取得できます。
サイボウズ,ケア休暇,"自分や家族の傷病（看護・介護）や療養でお休みが必要な時に、年に5日の休暇を取得できます。家族とは、詳しく以下を指します。

配偶者／事実婚・同性婚のパートナー／父母／子／配偶者の父母／事実婚・同性婚のパートナーの父母／祖父母、兄弟姉妹、孫／上記以外の家族で会社の認めた者"
サイボウズ,育児休暇,最長6年間の育児休暇制度です。子どもが小学校に通えるようになるまでを限度とし、必要ならば復帰後に再度休暇を取得することも可能です。取得期間も家庭の状況や本人の希望にあわせて柔軟に設定でき、女性だけでなく男性メンバーの取得も多いです。
サイボウズ,子連れ出勤制度,「学童保育に行きたがらない」「子どもの預け先が無い」といった場合に臨時に利用できる制度で、チームの生産性を下げないなどのルールのもと、緊急時の受け皿として機能しています。
サイボウズ,大人の体験入部,キャリアの検討や現在の業務へ活かすことを目的に、他部門に一時的に兼務・異動ができる制度です。海外を含むすべての拠点・部門に希望を提出可能です。
サイボウズ,Myキャリ,自分の「できること」と今後の「やりたいこと」をkintoneに記入して全社に公開し、メンバーとチームのマッチングを検討できる制度です。現状の知識とスキルを棚卸しして、将来のキャリアを自主的に考えられる機会としても利用されています。
サイボウズ,育自分休暇,最長6年の間、サイボウズへの復帰が確約された状態で退社できる制度です。別の分野や海外への長期渡航など、新しいチャレンジに取り組むメンバーに「またチームに戻れる」という安心感を持ってもらうことが目的です。
サイボウズ,従業員持株会,"従業員持株会は、従業員が給与控除により毎月一定の金額を拠出することで、サイボウズで働きながら、サイボウズ株を継続的に購入できる制度です。

従業員の中長期的な資産形成を支援することはもちろん、従業員自身が株主になることでよりオーナーシップをもって仕事に取り組めるようにするため、サイボウズではメンバーの希望する拠出金に対して100％の奨励金を支給しています。なお、拠出金は月額給与の10%を上限とします。"
サイボウズ,チムビル制度,"対面の場でのチームビルディングを目的とした活動を支援することで、チームメンバー間の相互理解やコミュニケーションを促進し、
リモートワークが主体となった環境下でのチームワークを向上させることを目的とした制度です。"
ZOZO,全国在宅勤務制度（開発部門）,国内のどこに居住していても就業可能な制度で、在宅勤務やオフィス外で作業を行うことが可能です。
ZOZO,フルフレックスタイム制度,始業時刻・終業時刻を日単位で選択できる制度です。コアタイムがないため、月間所定労働時間を満たしていれば、1日あたりの勤務時間を自由に選択することができるので、⽣活と業務との調和を図りながら効率的に働くことが可能です。
ZOZO,副業OK,他社での雇用をのぞき、本業に影響がない範囲で副業が可能（申請許可制）
ZOZO,適切なデバイスの貸与,ラップトップ、外部ディスプレイなど、最大のパフォーマンスを発揮するために必要なデバイスを、担当業務に応じて提供します。
ZOZO,住宅リモート手当,"全社員を対象に、毎月一律5万円を支給します。

エリアの指定なし。出社に伴う交通費は別途実費支給"
ZOZO,通勤手当,出社に必要な交通費を月額上限15万円まで実費支給。飛行機や新幹線での出社も可能です。
ZOZO,従業員割引制度,ZOZOTOWNでの買い物をする際の割引制度です。割引率は非公開ですが、従業員は制度を使ってサービスを積極的に利用し、その気づきをサービスづくりに活かしています。
ZOZO,ZOZOコネ,オフィスや物流拠点の周辺の飲食店などで優待を受けることができる従業員向け優待制度です。地域と繋がりを持ち、共に街を盛り上げていきたい、会社のことを地域の皆様に知っていただきたいという想いから、はじまりました。
ZOZO,部活動支援制度,部活動に対して、活動費用の一部を会社で支給する制度です。共通のスポーツや趣味など、社員同士のコミュニティ作りを支援しています。
ZOZO,職務発明制度,特許等を取得した発明やデザインに携わった社員に対し、報奨金を支給する制度です。
ZOZO,ソウゾウのナナメウエAWARD,ZOZOらしさ（愛・日々進歩）を踏まえた、ソウゾウのナナメウエな発想や取り組みを社内で募集しMVPを決定、表彰および賞品授与をおこないます。
ZOZO,人事考課制度,"「ZOZOらしさを進化させる人事制度」をコンセプトに、バリュー（ZOZOらしさ）を軸とした人事制度を運用しています。等級定義・バリュー行動・目標に対するパフォーマンス（成果や行動）の総合評価で、処遇を年2回決定。役職と等級が完全連動ではない設計や、等級ごとに細かく設けられた職能給レンジにより、評価結果に応じた柔軟な昇給が可能です。
また、一定の等級からは、マネジメントまたはスペシャリストのキャリアを選択できるため、個人の特性や能力を最大限生かせるキャリア選択と評価実施が可能な仕組みです。"
ZOZO,日々進歩手当,"ZOZOらしさの1つとして掲げている「日々進歩」の実現に向け、昨日より今日、今日より明日と着実に社員一人ひとりが安心して日々進歩できるよう、自己成長を目的に支給される手当です。支給額は、在籍期間が半年経過するごとに2,500円ずつ増額し、最大で月10万円を支給します。"
ZOZO,社内公募制度,新サービスの立ち上げや事業拡大により増員が必要になった際に、該当部署が募集をかけ、社員が自由に応募できる制度です。応募後は、課題や面談等を経て選考に合格すると、部署異動が決定します。（年1回実施）
ZOZO,1on1ミーティング,上長と部下が定期的に1対1でミーティングを実施し、上長が部下の直面している課題の解決や目標達成への支援を行っています。
ZOZO,LYアカデミア,LINEヤフーグループの企業内大学です。グループのトップリーダーが集まるクラスや、グループ会社の社員であれば誰でも参加できるプログラムなどが実施されています。
ZOZO,クラウドトレーニング費用補助制度,AWSのインフラ演習「TCP/IP（Try Cloud Program / Infrastructure Practice）」の利用補助制度です。学習用途として、毎月100ドルまでAWS環境を自由に使用することができ、実際に触れることでコスト管理も意識しながら、スキルアップを目指すことができます。
ZOZO,社会人ドクター制度,会社が認めた場合に、働きながら博士号の取得を希望する者に対し、給与とは別に修了に必要な学費を支援する制度です。
ZOZO,セミナー・カンファレンス参加支援,海外カンファレンスを含む勉強会やセミナーの参加費用（渡航費・現地滞在費含む）を会社で補助しています。
ZOZO,書籍購入支援,業務関連性の高い書籍を購入する際に、会社で費用を負担しています。
ZOZO,各種休暇,慶弔休暇（パートナーの性別にかかわらず結婚と同等の手続き完了時5日、パートナーの出産時3日等）のほかに、子供の看護休暇（中学校就学まで取得可）や介護休暇なども利用できます。
ZOZO,家族時短制度,業務とプライベートをバランスよく充実させるため、育児や介護はもちろん、ペットや同居人など社員が「家族」と認識する人や動物のサポートが必要な場合は、1日最大2時間の時短利用が可能です。時短は30分単位から利用できます。
ZOZO,慶弔見舞金制度,従業員や家族の慶弔時には、祝い金、もしくは見舞金等を支給します。
ZOZO,家族手当,"扶養家族1名につき毎月5,000円が支給されます。"
ZOZO,ベビーシッター利用補助制度,国の助成制度である「ベビーシッター派遣事業」に基づき、ベビーシッター派遣事業割引券を交付する制度。従業員が指定されたベビーシッターのサービスを利用した際に、支払う利用料金の一部または全部を国と会社で負担するものです。
CARTA HOLDINGS,スーパーフレックス&ハイブリッドワーク,チームや業務に合わせて、働く時間帯と場所(リモートワーク/オフィス出社)を選択し使い分けています。パフォーマンスとワークライフバランスを考えて働く時間帯を調整します。
CARTA HOLDINGS,ヒトノワラリー,入社時や異動時、あるいは思い立った時に、1on1形式で行う15〜30分間のフリートークです。基本的に次の人を紹介してもらうラリー形式で、社内では「ヒトノワラリー」として親しまれています。
CARTA HOLDINGS,CARTA CAMP,部署や職種を超えてチームを組み、経営課題を抽出。解決プランを提案します。議論などの準備に約一ヶ月間かけるイベントで、毎年開催しています。最終日の経営陣に向けてプレゼンし、実施可否を決定します。
CARTA HOLDINGS,DASH,誰でも応募できる新規事業開発プログラムです。応募された案はCARTAボードメンバー全員で目を通し、事業化が検討されます。ビジネスコンテストではなく、CARTAの未来を創る事業開発プロセスです。
CARTA HOLDINGS,CARTA EVOLUTiON PROGRAM,持続的な「事業成長」と「事業創出」を目的とした仕組みです。事業のステージを可視化して全社共有。マイルストーン達成時にはインセンティブを設け、祝う文化を促進しています。
CARTA HOLDINGS,バリューフィードバック,CARTAが大切にしている「バリュー」に沿って、役職や所属を超えてフィードバックし合う仕組みです。事業目標からは見えづらい部分がわかり、自身とチームの成長機会として活用されています。
CARTA HOLDINGS,技術力評価会,エンジニアの評価軸の一つである技術力を評価します。裁量とチャレンジに、自身の振り返りと評価会のフィードバック。これらのかけあわせが個人の進化を加速します。多彩な仲間からの視点を吸収する機会です。
CARTA HOLDINGS,DIVE,自ら部署を超えた異動にチャレンジできる機会と支援を提供する制度です。多くの事業があるCARTAだからこそ、自身のキャリアと会社の進化を結びつけるチャンスが広がります。
CARTA HOLDINGS,サークル,共通の興味を介したコミュニケーションとリフレッシュができるサークル制度があります。約20のサークルがあり、活動費の補助があります。参加は任意ですが、社内のつながりづくりに役立っています。
sansan,Know Me,部内、部外のメンバーが三人一組で飲み会やランチをすると、飲食費が補助されます。互いの業務内容やどのような考えを持っているのかを話しながら、気軽に社内交流を図ることができます。お酒を飲まないメンバーにも利用されている制度です。
sansan,Geek Seek,エンジニア職や研究開発職、クリエイター職などのメンバーは、知識の習得や業務効率向上にかかる費用が補助されます。ソフトウエアとハードウエア合わせて年5万円まで必要なものを自由に選んで購入できるほか、書籍の購入費、勉強会の補助、有料イベントの参加費用なども対象です。
sansan,H2O,自宅の最寄り駅が表参道駅または渋谷駅から2駅以内の場合に、家賃にかかる費用の一部として補助が受けられます。通勤のストレスを減らして「生産性を維持したい」「もっと業務に向き合いたい」という声に応えて始まった制度です。
sansan,よいこ,メンバーが自発的に企画、実施する「社内部活動」を後押しします。活動を通して、他部門のメンバーと楽しみながら交流することで、業務でも声を掛けやすくなり、連携も取りやすくなります。参加条件はなく、複数のグループに参加することもできます。
sansan,ブランチ,入社1年目の間、新卒入社のメンバーは「ブラザー」「シスター」と呼ばれる先輩社員とペアを組み、月に1回ランチに行く時間が設けられます。業務の話だけでなく、私生活を含めた社会人生活全般についても相談することができ、自身の成長を促すサポートを受けられます。
sansan,M2O,新卒のメンバーが入社時に表参道駅または渋谷駅から2駅以内に引っ越した場合、新生活を始めるための費用として一律で33万円が支給されます。新生活にかかる費用を会社が一部負担することで、より良いスタートダッシュが切れるように後押しします。
sansan,コーチャ,小学校6年生までの子どもがいるメンバーを対象にした、仕事と子育ての両立を後押しする制度です。ベビーシッターや学童保育、家事代行といった子育てをサポートするサービスの利用や、子どものワクチン接種などに対して、毎月一定額の補助が受けられます。
sansan,OCEAN,英語学習にかかる費用を補助します。英会話のレッスン費やTOEICの受検料、英語学習に必要な雑誌・アプリなどの購入費などが対象です。補助を受けられる期間は1年間と設定されますが、英語スキルが向上していると認められれば期間を延長できます。
sansan,OYACO,小学校6年生までの子どもがいるメンバーを対象にした、仕事と子育ての両立を後押しする制度です。ベビーシッターや学童保育、家事代行といった子育てをサポートするサービスの利用や、子どものワクチン接種などに対して、毎月一定額の補助が受けられます。
リクルート,理由・回数を問わないリモートワーク,一部の職種を除き、理由・回数を問わないリモートワークを全社導入。出社しないことを前提とした働き方へシフトしております。それに伴い、通勤交通費は実費支給※へと変更。これまで認められていなかった、特急料金も条件付きで許可される場合もあります。これにより遠方通勤もしやすくなるなど、働く場所の柔軟性を高めています。
リクルート,年間平均週休約3日,"一人ひとりが自律的かつ柔軟な働き方を実現できるよう、暦上の休日や有給休暇とは別に「フレキシブル休日」として取得する日を自分で決められる休日を設けています。
年間の休みは合計で145日、平均で週休2.8日（約3日）となります。

※年間の休み145日には、会社休日及び年次有給休暇の計画的付与による指定休5日を含みます。"
リクルート,出産育児休暇,妊娠〜育児期間の多様なシーンで活⽤できる休暇です。男性も利⽤可能。初回付与時点での末⼦の年齢と週所定勤務日数に応じて、最⼤40⽇付与されます。お子様が12歳になる年度の、3月末まで利用可能です。
リクルート,ケア休暇,家族のケアの際に使⽤できる休暇です。介護認定不要で、ペットのケアでも取得可能です。週所定勤務日数に応じて、最⼤年5⽇付与されます。
リクルート,ストック休暇,"年次有給休暇の未消化分を、上限40⽇積⽴できる休暇です。

※病気・育児・不妊治療・介護・慶弔・ボランティア等の限定した取得要件があります。"
リクルート,STEP休暇,"在籍3年ごとに1回取得できる休暇です。暦⽇で14〜28⽇（休⽇を含む）の範囲で任意に取得可能です。

※連続で取得することが必須。"
リクルート,アニバーサリー⼿当,4月1日時点で在籍1年以上の社員を対象に、年次有給休暇を連続4日以上利用することで5万円が支給されます。1年度で1回、毎年度利用が可能です。
LINEヤフー,懇親会費用補助,月1回まで、懇親会費用をサポートしています（費用上限あり）。 チーム・部門・プロジェクトといった業務関係者とのコミュニケーションのため、利用を推奨しています。
LINEヤフー,サークル活動,各種サークル活動も盛んで、希望者はサークルへの入部が可能です。 活動サークルは半期ごとに人数・活動内容に応じて、会社から補助金を支給しています。
LINEヤフー,社員の健康維持・向上,会社が実施する健康診断では、法定項目の実施に加え、一部の検査メニューは自己負担なく受診できます。 また健康診断後に再検査が必要になった場合、再検査にかかる費用を会社が負担します（上限2万円/年）。
LINEヤフー,感染症の特別休暇,会社が定めた感染症（インフルエンザ・新型コロナウイルス感染症を含む）に罹患した場合、指定日数分の特別休暇の取得が可能です。
LINEヤフー,選択型確定拠出年金制度,LINEヤフーの選択型確定拠出年金制度とは、会社負担の掛金に加え、加入者である社員が自らの賞与の一部を拠出・運用し、その運用の結果次第で将来受け取る年金額が変動する年金制度です。 少子高齢化が進み公的年金の財政が厳しくなるなか、確定拠出年金の果たす役割は日々高まっています。 LINEヤフーは、社員の豊かな老後を支えるために、この制度を導入しています。
LINEヤフー,財産形成貯蓄制度（財形）,社員の希望する金額を毎月の給与や賞与から天引きし、財形取扱機関に預け入れを行う貯蓄制度です。社員は、定期的な積み立てによる貯蓄ができ、その積立金に加え、会社からの奨励金があります。なお、財形貯蓄には、一般財形・住宅財形・年金財形の3種類があります。
LINEヤフー,株式累積投資制度（るいとう）,毎月一定の金額を継続的に積み立てる形で買い付ける株式投資の方法です。 LINEヤフーでは、福利厚生のひとつとして「るいとう」を利用した株式（LINEヤフー株式会社）の購入を給与からの積み立てで行うことができ、その積立金に加え、会社からの奨励金があります。 長期的な資産形成の手段のひとつとして活用できます。
LINEヤフー,長期所得補償制度,病気やけがで一定の免責期間を超えて仕事ができなくなった場合、標準報酬月額の60％を満60歳まで補償する制度です。 病気やけがで欠勤・休職した場合、健康保険組合から傷病手当金として給与の3分の2が18カ月間支給された後は、収入が途絶えてしまいます。 その期間以降もサポートできるようにしています。
LINEヤフー,総合福祉団体定期保険（遺族生活保障制度）,"社員に不慮の事態が生じた場合に備え、ソフトバンクグループ団体定期保険に加入しています。 保険料は会社が全額負担し、万が一の場合に保険金額（合計1,000万円）を遺族等に支払います。保険金とは別に、子女に対して、会社から加算金を支払います。（小学生以下 500万円/人、中高生 250万円/人）"
LINEヤフー,社員向け研修制度,"希望者にビジネススキル研修と「GLOBIS学び放題」を無償で提供しています。 社員がより主体的にキャリアを考え、さらなる成長に向けた一歩を踏み出せるよう、キャリア研修を通じて、一人ひとりの自己理解の深化、今後のキャリアイメージの具体化をサポートしています。
キャリアステージごとの悩みに応じて、これまでの仕事経験やキャリア資産の振り返り、および自身のキャリア開発の指針を見つけ、ありたい姿を具体化していきます。"
LINEヤフー,LINEヤフーアカデミア,「次世代リーダーの創出」を目的とする企業内大学「LINEヤフーアカデミア」の受講も可能です。 「自立」をテーマに、チームをリード、社会をドライブし活躍する人材になることを目指しています。 LINEヤフーの現経営層である執行役員が各クラスのメンターとなり、受講者と真剣に向き合い、未来を創るリーダー候補の社員を直接指導・支援するのが特徴です。
LINEヤフー,語学研修,業務上必要となる方に英語・韓国語・日本語の語学講座を開講します。 全額会社負担で受講が可能です。
LINEヤフー,マネジメント研修,組織成果最大化の鍵を握る役職者への育成コンテンツを提供しています。
LINEヤフー,社内公募,入社から一定期間が経過した社員を対象に、社内で公開されている募集ポジションに応募できる制度があります。 希望ポジションの選考に合格した場合のみ、応募者の情報が現所属上長に開示され、引き継ぎ等を行ったうえで異動となります。 自らの意思で、キャリアアップや能力開発に生かせます。
LINEヤフー,サバティカル休暇,自らのキャリアや経験、働き方を見つめなおし、考える機会をつくることで、本人のさらなる成長につなげることを目的とした休暇制度です。 勤続10年以上の正社員を対象に、2～3カ月の範囲で取得可能です。 なお、休暇期間中、一定期間は会社が支援金を支給します。